Joao,7022527985,joao..gmail.com
Futi,7022527985,python@gmail.com.ao
Teste00,896899590,teste.hotmail.com
Muanda,7022527985,joao@gmail.com
Joao Futi,7022527985,joaofuti@gmail.com
Joao,7022527985,joao..gmail.com
Futi,7022527985,python@gmail.com.ao
Muanda,7022527985,joao@gmail.com
Joao Futi,7022527985,joaofuti@gmail.com
Joao,7022527985,joao..gmail.com
Futi,7022527985,python@gmail.com.ao
Muanda,7022527985,joao@gmail.com
Joao Futi,7022527985,joaofuti@gmail.com
Joao,7022527985,joao..gmail.com
Futi,7022527985,python@gmail.com.ao
Muanda,7022527985,joao@gmail.com
Joao Futi,7022527985,joaofuti@gmail.com
Joao,7022527985,joao..gmail.com
Futi,7022527985,python@gmail.com.ao
Muanda,7022527985,joao@gmail.com
Joao Futi,7022527985,joaofuti@gmail.com
Joao,7022527985,joao..gmail.com
Futi,7022527985,python@gmail.com.ao
Muanda,7022527985,joao@gmail.com
Joao Futi,7022527985,joaofuti@gmail.com